ScientificName	Lineage	Superorder	VGP_genome	existing_genome	VGP_genome-length	existing_genome-length	VGP_UR	existing_UR	VGP_HCRM	existing_HCRM
1	Lampetra_fluviatilis	Fishes	Agnatha (Jawless Fishes)	GCA_964198595.1	GCA_030220065.1	1042017429	998289497	0.67	0.68	45.1	64.66
2	Petromyzon_marinus	Fishes	Agnatha (Jawless Fishes)	GCA_048934315.1	GCA_002833325.1	1808167201	1042424217	0.41	0.69	150.97	37.21
3	Myxine_glutinosa	Fishes	Agnatha (Jawless Fishes)	GCA_964187855.1	GCA_040869285.1	2977803653	3654980719	0.3	0.23	317.41	250.5
4	Stegostoma_tigrinum	Fishes	Chondrichthyes (Cartilaginous Fishes)	GCF_030684315.1	GCA_022316705.1	3181349085	2597436149	0.74	0.89	197.5	58.66
5	Carcharodon_carcharias	Fishes	Chondrichthyes (Cartilaginous Fishes)	GCF_017639515.1	GCA_003604245.1	4267060404	3608714227	0.67	0.74	54.97	129.44
6	Acipenser_ruthenus	Fishes	Actinopterygii (Ray-finned Fishes)	GCF_902713425.1	GCA_010645085.2	1897215942	1821380070	0.52	0.54	231.66	265.85
7	Amia_calva	Fishes	Actinopterygii (Ray-finned Fishes)	GCF_036373705.1	GCA_017591415.1	989069771	764889909	0.72	0.93	160.74	141.23
8	Lepisosteus_oculatus	Fishes	Actinopterygii (Ray-finned Fishes)	GCF_040954835.1	GCA_000242695.1	1200543517	868045549	0.71	0.95	219.12	15.16
9	Conger_conger	Fishes	Actinopterygii (Ray-finned Fishes)	GCF_963514075.1	GCA_029692045.1	1136159418	1005551659	0.76	0.82	140.96	223.27
10	Anguilla_anguilla	Fishes	Actinopterygii (Ray-finned Fishes)	GCF_013347855.1	GCA_000695075.1	975156607	852524416	0.87	0.96	79.35	2.05
11	Scleropages_formosus	Fishes	Actinopterygii (Ray-finned Fishes)	GCF_900964775.1	GCA_001624245.1	784515144	735871018	0.88	0.94	130.76	74.06
12	Pangasianodon_hypophthalmus	Fishes	Actinopterygii (Ray-finned Fishes)	GCF_027358585.1	GCA_003671635.1	761085648	695807548	0.87	0.93	222.55	156.88
13	Neoarius_graeffei	Fishes	Actinopterygii (Ray-finned Fishes)	GCF_027579695.1	GCA_022956915.1	2328028726	904453472	0.44	0.84	158.71	148.92
14	Clarias_gariepinus	Fishes	Actinopterygii (Ray-finned Fishes)	GCA_024256435.1	GCA_030014235.1	972626570	837161107	0.79	0.92	199.7	134.54
15	Pygocentrus_nattereri	Fishes	Actinopterygii (Ray-finned Fishes)	GCF_015220715.1	GCA_001682695.1	1211880525	1240581979	0.8	0.78	344.74	256.66
16	Astyanax_mexicanus	Fishes	Actinopterygii (Ray-finned Fishes)	GCF_023375975.1	GCA_004802775.1	1372815157	960198970	0.71	0.9	193.1	66.99
17	Electrophorus_electricus	Fishes	Actinopterygii (Ray-finned Fishes)	GCA_041902795.1	GCA_003665695.2	830835555	530994579	0.59	0.93	431.5	308.68
18	Gobio_gobio	Fishes	Actinopterygii (Ray-finned Fishes)	GCA_949357685.1	GCA_021464655.1	1455649859	1489851046	0.55	0.54	250.46	250.86
19	Rutilus_rutilus	Fishes	Actinopterygii (Ray-finned Fishes)	GCA_951802725.1	GCA_029875115.1	1100084770	832436163	0.63	0.83	310.83	128.66
20	Scardinius_erythrophthalmus	Fishes	Actinopterygii (Ray-finned Fishes)	GCA_964197995.1	GCA_024453875.1	1228161602	1134972314	0.57	0.61	287.94	283.29
21	Squalius_cephalus	Fishes	Actinopterygii (Ray-finned Fishes)	GCA_949319135.1	GCA_029874105.1	1101792102	850464963	0.63	0.82	355.97	143.32
22	Phoxinus_phoxinus	Fishes	Actinopterygii (Ray-finned Fishes)	GCA_949152265.1	GCA_037504845.1	949840849	929034825	0.67	0.68	285.43	298.39
23	Cyprinella_venusta	Fishes	Actinopterygii (Ray-finned Fishes)	GCA_038024135.1	GCA_027361055.1	928549347	661123725	0.64	0.88	449.37	80.53
24	Danio_rerio	Fishes	Actinopterygii (Ray-finned Fishes)	GCA_944039275.1	GCA_008692375.1	1409213357	1288326741	0.73	0.73	311.75	337.01
25	Sprattus_sprattus	Fishes	Actinopterygii (Ray-finned Fishes)	GCA_963457725.1	GCA_041430245.1	831976925	780183726	0.73	0.65	266.83	236.34
26	Alosa_sapidissima	Fishes	Actinopterygii (Ray-finned Fishes)	GCF_018492685.1	GCA_019202745.1	895570158	916219859	0.7	0.66	273.56	259.41
27	Sardina_pilchardus	Fishes	Actinopterygii (Ray-finned Fishes)	GCF_963854185.1	GCA_049901815.1	859436723	908020497	0.73	0.62	356.52	296.25
28	Coilia_mystus	Fishes	Actinopterygii (Ray-finned Fishes)	GCA_048544225.1	GCA_050626335.1	849000105	886798721	0.79	0.77	376.33	386.45
29	Salvelinus_alpinus	Fishes	Actinopterygii (Ray-finned Fishes)	GCA_036784965.1	GCA_036784965.1	2121646592	2121646592	0.5	0.5	118.47	118.47
30	Esox_lucius	Fishes	Actinopterygii (Ray-finned Fishes)	GCF_011004845.1	GCA_000721915.3	917720929	889401126	0.79	0.86	74.86	30.68
31	Osmerus_eperlanus	Fishes	Actinopterygii (Ray-finned Fishes)	GCF_963692335.1	GCA_900302275.1	508124802	339039491	0.74	0.92	403.79	136.43
32	Borostomias_antarcticus	Fishes	Actinopterygii (Ray-finned Fishes)	GCA_949987555.1	GCA_900323325.1	907495681	425599508	0.57	0.84	594.62	388.66
33	Amblyopsis_spelaea	Fishes	Actinopterygii (Ray-finned Fishes)	GCA_046255685.1	GCA_027564775.1	817325199	545808704	0.61	0.9	251.18	278.18
34	Zeus_faber	Fishes	Actinopterygii (Ray-finned Fishes)	GCA_960531495.1	GCA_900323335.1	801095312	604191460	0.8	0.9	410.46	401.8
35	Sparus_aurata	Fishes	Actinopterygii (Ray-finned Fishes)	GCF_900880675.1	GCA_003309015.1	833216043	759150741	0.84	0.95	147.83	75.94
36	Acanthopagrus_latus	Fishes	Actinopterygii (Ray-finned Fishes)	GCF_904848185.1	GCA_013436515.1	685122847	804392701	0.94	0.72	296.42	253.89
37	Chelmon_rostratus	Fishes	Actinopterygii (Ray-finned Fishes)	GCF_017976325.1	GCA_037975115.1	644194381	631004568	0.93	0.94	114.93	100.66
38	Scatophagus_argus	Fishes	Actinopterygii (Ray-finned Fishes)	GCF_020382885.2	GCA_030323985.1	569086963	659295986	0.94	0.96	71.42	78.77
39	Takifugu_rubripes	Fishes	Actinopterygii (Ray-finned Fishes)	GCF_901000725.2	GCA_000180615.2	380422233	349810940	0.81	0.88	187.08	154.37
40	Lateolabrax_maculatus	Fishes	Actinopterygii (Ray-finned Fishes)	GCA_031216445.1	GCA_004028665.1	632507195	579776665	0.9	0.96	133.64	136.45
41	Micropterus_salmoides	Fishes	Actinopterygii (Ray-finned Fishes)	GCA_019677235.1	GCA_014851395.1	877308026	961913100	0.79	0.67	182.16	88.57
42	Tautogolabrus_adspersus	Fishes	Actinopterygii (Ray-finned Fishes)	GCA_020745685.1	GCA_024362835.1	719185606	588904060	0.87	0.92	232.6	137.61
43	Symphodus_melops	Fishes	Actinopterygii (Ray-finned Fishes)	GCA_947650265.1	GCA_900323315.1	635634973	529539043	0.83	0.95	303.62	269.25
44	Labrus_bergylta	Fishes	Actinopterygii (Ray-finned Fishes)	GCF_963930695.1	GCA_900080235.1	719279772	804204147	0.83	0.7	251.18	177.57
45	Sebastes_fasciatus	Fishes	Actinopterygii (Ray-finned Fishes)	GCA_043250625.1	GCA_916700765.1	833730653	793970086	0.79	0.82	147.67	123.85
46	Sebastes_umbrosus	Fishes	Actinopterygii (Ray-finned Fishes)	GCF_015220745.1	GCA_916701575.1	799499538	963646170	0.83	0.59	88.1	97.59
47	Cyclopterus_lumpus	Fishes	Actinopterygii (Ray-finned Fishes)	GCF_009769545.1	GCA_021186565.1	562691541	570512130	0.84	0.83	445.2	347.31
48	Pungitius_pungitius	Fishes	Actinopterygii (Ray-finned Fishes)	GCF_949316345.1	GCA_003399555.1	480259140	374387129	0.81	0.97	171.33	238.38
49	Spinachia_spinachia	Fishes	Actinopterygii (Ray-finned Fishes)	GCA_048126635.1	GCA_048126635.1	407528637	407528637	0.9	0.9	193.66	193.66
50	Gasterosteus_aculeatus	Fishes	Actinopterygii (Ray-finned Fishes)	GCA_964276395.1	GCA_006229165.1	511075257	451558297	0.8	0.87	196.75	147.14
51	Notothenia_rossii	Fishes	Actinopterygii (Ray-finned Fishes)	GCA_949606895.1	GCA_943590865.1	1034189663	839219829	0.58	0.68	162.67	147.58
52	Epinephelus_lanceolatus	Fishes	Actinopterygii (Ray-finned Fishes)	GCA_041903045.1	GCA_005281545.1	1089378288	1047316089	0.81	0.82	87.22	70.63
53	Pleuronectes_platessa	Fishes	Actinopterygii (Ray-finned Fishes)	GCF_947347685.1	GCA_902825255.1	687130874	583115223	0.76	0.91	278.18	205.84
54	Platichthys_flesus	Fishes	Actinopterygii (Ray-finned Fishes)	GCF_949316205.1	GCA_029874915.1	597006841	555970528	0.88	0.93	218.39	132.28
55	Scophthalmus_maximus	Fishes	Actinopterygii (Ray-finned Fishes)	GCA_963854745.1	GCA_003186165.1	549129526	511572538	0.92	0.96	263.54	88.75
56	Anabas_testudineus	Fishes	Actinopterygii (Ray-finned Fishes)	GCF_900324465.2	GCA_900302665.1	552041995	522216822	0.92	0.96	142.13	135.2
57	Betta_splendens	Fishes	Actinopterygii (Ray-finned Fishes)	GCF_900634795.4	GCA_003650155.1	426959369	410881077	0.87	0.87	508.56	380.03
58	Mastacembelus_armatus	Fishes	Actinopterygii (Ray-finned Fishes)	GCF_900324485.2	GCA_019455525.1	578709413	589769434	0.88	0.86	104.3	98.68
59	Rhamphochromis_sp._chilingali	Fishes	Actinopterygii (Ray-finned Fishes)	GCA_963969265.1	GCA_049997595.1	921084690	851593137	0.73	0.77	218.72	207.75
60	Odontesthes_bonariensis	Fishes	Actinopterygii (Ray-finned Fishes)	GCA_027942865.1	GCA_014825785.1	945717966	652675889	0.68	0.87	62.54	47.53
61	Menidia_menidia	Fishes	Actinopterygii (Ray-finned Fishes)	GCA_048628825.1	GCA_965154125.1	571149669	598177365	0.83	0.76	213.97	76.75
62	Chelon_labrosus	Fishes	Actinopterygii (Ray-finned Fishes)	GCA_963514085.1	GCA_029874265.1	717268953	668652562	0.82	0.88	43.72	21.03
63	Thunnus_albacares	Fishes	Actinopterygii (Ray-finned Fishes)	GCF_914725855.1	GCA_900302625.1	792073891	724150947	0.89	0.94	138.74	107.86
64	Thunnus_maccoyii	Fishes	Actinopterygii (Ray-finned Fishes)	GCF_910596095.1	GCA_025435535.1	782385872	783639269	0.9	0.91	135.32	94.37
65	Thunnus_thynnus	Fishes	Actinopterygii (Ray-finned Fishes)	GCF_963924715.1	GCA_003231725.1	798935856	625654724	0.89	0.96	130.62	0.09
66	Aulostomus_maculatus	Fishes	Actinopterygii (Ray-finned Fishes)	GCA_048301465.1	GCA_048301465.1	662917352	662917352	0.87	0.87	334.69	334.69
67	Periophthalmus_magnuspinnatus	Fishes	Actinopterygii (Ray-finned Fishes)	GCF_009829125.3	GCA_026225835.1	745402139	733644035	0.83	0.87	161.26	145.74
68	Sphaeramia_orbicularis	Fishes	Actinopterygii (Ray-finned Fishes)	GCF_902148855.1	GCA_049176915.1	1339031041	1100259657	0.64	0.81	254.51	161.86
69	Syngnathus_typhle	Fishes	Actinopterygii (Ray-finned Fishes)	GCA_048301445.1	GCA_901007915.1	368285539	292192627	0.73	0.91	355.6	64.01
70	Diretmus_argenteus	Fishes	Actinopterygii (Ray-finned Fishes)	GCA_048569125.1	GCA_900660295.1	1511511428	295741367	0.41	0.85	216.44	163.83
71	Lampris_incognitus	Fishes	Actinopterygii (Ray-finned Fishes)	GCF_029633865.1	GCA_022059245.1	1479365749	1363225718	0.59	0.68	200.49	218.64
72	Gadus_morhua	Fishes	Actinopterygii (Ray-finned Fishes)	GCF_902167405.1	GCA_900302565.1	638418359	484868154	0.75	0.88	260.6	373.65
73	Protopterus_annectens	Fishes	Sarcopterygii (Lobe-finned fishes)	GCA_040939525.1	GCA_019279795.1	40289876398	38864562579	0.52	0.54	22.22	24.63
74	Latimeria_chalumnae	Fishes	Sarcopterygii (Lobe-finned fishes)	GCF_037176945.1	GCA_000225785.1	2947567857	2174821521	0.67	0.85	62.32	39.31
75	Ranitomeya_imitator	Amphibians	Anura	GCF_032444005.1	GCA_958301615.1	5953256620	6018230552	0.36	0.44	127.74	45.11
76	Engystomops_pustulosus	Amphibians	Anura	GCF_040894005.1	GCA_019512145.1	2158074963	2542005900	0.59	0.7	105.94	22.91
77	Eleutherodactylus_coqui	Amphibians	Anura	GCF_035609145.1	GCA_019857665.1	3371117278	2353263031	0.57	0.81	107.76	51.87
78	Rana_temporaria	Amphibians	Anura	GCF_905171775.1	GCA_009802015.1	4081790644	2568384633	0.55	0.76	65.14	57.83
79	Spea_bombifrons	Amphibians	Anura	GCF_027358695.1	GCA_009364475.1	983828946	716407664	0.77	0.75	135.58	14.47
80	Ascaphus_truei	Amphibians	Anura	GCA_040206685.1	GCA_036426205.1	3709878841	3078093205	0.49	0.68	84.51	72.98
81	Tursiops_truncatus	Mammals	Laurasiatheria	GCF_011762595.1	GCA_001922835.1	2372268617	2116784336	0.85	0.91	87.01	46.83
82	Grampus_griseus	Mammals	Laurasiatheria	GCA_964374135.1	GCA_028646425.1	2666785808	2496692347	0.76	0.8	77.57	51.92
83	Globicephala_melas	Mammals	Laurasiatheria	GCF_963455315.2	GCA_006547405.1	2650997154	2323321890	0.76	0.87	98.91	39.51
84	Orcinus_orca	Mammals	Laurasiatheria	GCF_937001465.1	GCA_000331955.2	2647309901	2247178893	0.77	0.9	56.94	46.82
85	Monodon_monocero	Mammals	Laurasiatheria	GCA_005190385.3	GCA_029941395.3	2341910888	2333998027	0.87	0.86	42.54	40.6
86	Phocoena_phocoena	Mammals	Laurasiatheria	GCF_963924675.1	GCA_004363495.1	2512477762	2659566800	0.81	0.77	45.32	95.61
87	Inia_geoffrensis	Mammals	Laurasiatheria	GCA_036417435.1	GCA_004363515.1	2749270495	2558970713	0.75	0.78	58.1	89.97
88	Mesoplodon_bidens	Mammals	Laurasiatheria	GCA_964165515.1	GCA_004027085.1	2998798595	2741737281	0.67	0.72	49.48	90.84
89	Hyperoodon_ampullatus	Mammals	Laurasiatheria	GCA_949752795.1	GCA_024363105.1	2828485462	2326720712	0.71	0.86	63.71	41.24
90	Kogia_breviceps	Mammals	Laurasiatheria	GCF_026419965.1	GCA_004363705.1	2551035757	2719776900	0.79	0.72	57.41	96.24
91	Balaenoptera_physalus	Mammals	Laurasiatheria	GCA_965194825.1	GCA_023338255.1	3442127861	2368344926	0.6	0.87	96.15	33.79
92	Megaptera_novaeangliae	Mammals	Laurasiatheria	GCA_041834305.1	GCA_004329385.1	3146552166	2130595162	0.65	0.94	74.57	21.08
93	Eschrichtius_robustus	Mammals	Laurasiatheria	GCF_028021215.1	GCA_004363415.1	2982333321	2585106898	0.69	0.8	83.38	59.75
94	Capra_hircus	Mammals	Laurasiatheria	GCA_041735815.1	GCA_000317765.2	2863922745	2714507137	0.75	0.76	93.18	30.64
95	Ovis_canadensis	Mammals	Laurasiatheria	GCF_042477335.2	GCA_004026945.1	2974281883	2830991183	0.72	0.76	190.08	81.83
96	Ovis_aries	Mammals	Laurasiatheria	GCA_040805955.1	GCA_000298735.2	2853625237	2585989943	0.75	0.83	74.78	30.08
97	Muntiacus_reevesi	Mammals	Laurasiatheria	GCF_963930625.1	GCA_008787405.2	2656003670	2513154346	0.8	0.85	35.07	26.41
98	Sus_scrofa	Mammals	Laurasiatheria	GCA_048338725.1	GCA_046128825.1	2633165591	2417815750	0.81	0.87	41.5	50.19
99	Camelus_dromedarius	Mammals	Laurasiatheria	GCF_036321535.1	GCA_000803125.3	2306553114	2150251057	0.82	0.92	125.14	15.98
100	Neofelis_nebulosa	Mammals	Laurasiatheria	GCF_028018385.1	GCA_027422525.1	2466974821	2404216162	0.88	0.9	82.31	72.94
101	Panthera_onca	Mammals	Laurasiatheria	GCA_046562885.1	GCA_028533385.1	2303309455	2467693922	0.9	0.87	67.83	75.29
102	Lycaon_pictus	Mammals	Laurasiatheria	GCA_040955705.1	GCA_004216515.1	2383997998	2103278072	0.89	0.93	74.1	67.12
103	Canis_lupus_familiaris	Mammals	Laurasiatheria	GCF_011100685.1	GCA_012044875.1	2481841392	2384223749	0.86	0.89	68.28	72.59
104	Vulpes_vulpes	Mammals	Laurasiatheria	GCA_964106825.2	GCA_003160815.1	2411289095	2339979411	0.88	0.9	62.98	59.38
105	Halichoerus_grypus	Mammals	Laurasiatheria	GCA_964656455.1	GCA_012393455.1	2399813647	2338038643	0.87	0.89	38.17	33.24
106	Zalophus_californianus	Mammals	Laurasiatheria	GCF_009762305.2	GCA_900631625.1	2391140536	2365843421	0.89	0.89	62.22	61.28
107	Mustela_nivalis_vulgaris	Mammals	Laurasiatheria	GCA_964662115.1	GCA_048197165.1	3437102446	2428828694	0.64	0.9	32.08	36.11
108	Neogale_vison	Mammals	Laurasiatheria	GCA_964106545.1	GCA_900108605.1	2696454319	2269325832	0.81	0.93	32.15	27.26
109	Martes_martes	Mammals	Laurasiatheria	GCA_963455335.1	GCA_040938825.1	2484118351	2373610836	0.87	0.91	40.28	40.91
110	Manis_pentadactyla	Mammals	Laurasiatheria	GCF_030020395.1	GCA_014570555.1	2833570239	2291219306	0.72	0.88	27.58	17.62
111	Equus_caballus	Mammals	Laurasiatheria	GCA_036426135.1	GCA_000696655.1	2596693226	2370459567	0.86	0.94	79.51	15.4
112	Tapirus_indicus	Mammals	Laurasiatheria	GCA_031878705.1	GCA_004024905.1	2477418479	2416235771	0.89	0.91	27.41	29.99
113	Diceros_bicornis_minor	Mammals	Laurasiatheria	GCF_020826845.1	GCA_013634535.1	3004128029	2188270947	0.75	0.96	150.47	10.21
114	Desmodus_rotundus	Mammals	Laurasiatheria	GCA_022682495.2	GCA_002940915.3	2119412130	2015097812	0.87	0.91	15.39	10.17
115	Pipistrellus_pipistrellus	Mammals	Laurasiatheria	GCA_903992545.1	GCA_004026625.1	1762913796	2066738608	0.89	0.75	122.87	217.94
116	Eptesicus_fuscus	Mammals	Laurasiatheria	GCF_027574615.1	GCA_000308155.1	2008025619	1806369216	0.85	0.91	90.21	61.12
117	Antrozous_pallidus	Mammals	Laurasiatheria	GCA_027563665.1	GCA_007922775.1	2120565624	2569972583	0.84	0.63	95.09	145.39
118	Myotis_myotis	Mammals	Laurasiatheria	GCF_014108235.1	GCA_004026985.1	1973825434	2262059206	0.86	0.74	93.03	141.92
119	Miniopterus_schreibersii	Mammals	Laurasiatheria	GCA_964146895.2	GCA_004026525.1	1850552554	1769618835	0.89	0.93	149.71	33.56
120	Tadarida_brasiliensis	Mammals	Laurasiatheria	GCA_030848825.1	GCA_004025005.1	2283177809	2677348608	0.84	0.68	69.54	89.4
121	Rhinolophus_affinis	Mammals	Laurasiatheria	GCA_043728065.1	GCA_040057535.1	2291571989	2023806117	0.84	0.93	429.46	41.96
122	Rhinolophus_ferrumequinum	Mammals	Laurasiatheria	GCF_004115265.2	GCA_007922735.1	2068213759	2173118019	0.93	0.88	65.72	92
123	Rousettus_aegyptiacus	Mammals	Laurasiatheria	GCF_014176215.1	GCA_015472805.1	1866919447	1885777984	0.97	0.97	50.53	48.44
124	Erinaceus_europaeus	Mammals	Laurasiatheria	GCF_950295315.1	GCA_000296755.1	2719783811	2326289108	0.71	0.82	114.57	107.48
125	Sorex_araneus	Mammals	Laurasiatheria	GCF_027595985.1	GCA_000181275.2	2393004824	2186049486	0.83	0.89	233.68	107.8
126	Ochotona_princeps	Mammals	Supraprimates (Euarchontoglires)	GCF_030435755.1	GCA_014633375.1	2555169421	1939942452	0.74	0.93	248.01	43.43
127	Oryctolagus_cuniculus	Mammals	Supraprimates (Euarchontoglires)	GCF_964237555.1	GCA_009806435.2	2804127309	2774968344	0.79	0.78	55.19	49.78
128	Rattus_norvegicus	Mammals	Supraprimates (Euarchontoglires)	GCF_015227675.2	GCA_000001895.4	2625275977	2725129036	0.83	0.78	149.09	138.62
129	Apodemus_sylvaticus	Mammals	Supraprimates (Euarchontoglires)	GCF_947179515.1	GCA_001305905.1	2889510805	1944964399	0.76	0.98	175.72	39.19
130	Mus_musculus	Mammals	Supraprimates (Euarchontoglires)	GCA_949316315.1	GCA_001624295.1	2770761745	2344529712	0.77	0.9	204.35	154.97
131	Onychomys_torridus	Mammals	Supraprimates (Euarchontoglires)	GCF_903995425.1	GCA_004026725.1	2440618370	3130572296	0.88	0.69	127.13	124.24
132	Jaculus_jaculus	Mammals	Supraprimates (Euarchontoglires)	GCF_020740685.1	GCA_000280705.1	2850140851	2460129951	0.81	0.88	117.03	65.2
133	Castor_canadensis	Mammals	Supraprimates (Euarchontoglires)	GCA_047511655.1	GCA_001984765.1	2828032411	2517240314	0.8	0.85	35.18	57.92
134	Urocitellus_parryii	Mammals	Supraprimates (Euarchontoglires)	GCA_045843805.1	GCA_003426925.1	2935568249	2183075907	0.74	0.94	99.69	77.17
135	Marmota_flaviventris	Mammals	Supraprimates (Euarchontoglires)	GCF_047511675.1	GCA_003676075.3	2704561697	2524935995	0.82	0.88	66.1	44.17
136	Sciurus_carolinensis	Mammals	Supraprimates (Euarchontoglires)	GCF_902686445.1	GCA_028643795.1	2814715457	3097296060	0.83	0.73	39.3	44.13
137	Muscardinus_avellanarius	Mammals	Supraprimates (Euarchontoglires)	GCA_963383645.1	GCA_004027005.1	2496365581	2509967495	0.81	0.81	166.75	172.29
138	Ctenodactylus_gundi	Mammals	Supraprimates (Euarchontoglires)	GCA_048771875.1	GCA_004027205.1	2184365445	2295769050	0.9	0.86	111.22	167.22
139	Erethizon_dorsatum	Mammals	Supraprimates (Euarchontoglires)	GCA_028451465.1	GCA_006547115.1	2432067200	2395227372	0.88	0.89	41.98	34.84
140	Pongo_abelii	Mammals	Supraprimates (Euarchontoglires)	GCF_028885655.2	GCA_000001545.3	3251807543	3080650852	0.76	0.76	29.26	26.44
141	Pan_troglodytes	Mammals	Supraprimates (Euarchontoglires)	GCF_028858775.2	GCA_000001515.5	3172755386	3130435865	0.77	0.77	50.52	38.64
142	Pan_paniscus	Mammals	Supraprimates (Euarchontoglires)	GCF_029289425.2	GCA_000258655.2	3239869161	2721725394	0.75	0.88	109.43	29.94
143	Homo_sapiens	Mammals	Supraprimates (Euarchontoglires)	GCA_009914755.4	GCA_000306695.2	3117291320	2826426579	0.78	0.85	75.63	36.1
144	Gorilla_gorilla	Mammals	Supraprimates (Euarchontoglires)	GCF_029281585.2	GCA_000151905.3	3533958271	2912013353	0.69	0.8	194.29	73.82
145	Symphalangus_syndactylus	Mammals	Supraprimates (Euarchontoglires)	GCF_028878055.3	GCA_028642525.1	3261903353	2844109277	0.73	0.81	166.32	42.26
146	Macaca_fascicularis	Mammals	Supraprimates (Euarchontoglires)	GCF_037993035.1	GCA_000364345.1	3042913745	2801208082	0.8	0.86	88.55	45.83
147	Macaca_nemestrina	Mammals	Supraprimates (Euarchontoglires)	GCF_043159975.1	GCA_000956065.1	3116224640	2835663600	0.78	0.89	106.9	30.38
148	Callithrix_jacchus	Mammals	Supraprimates (Euarchontoglires)	GCA_049354715.1	GCA_002754865.1	2933237222	2833210978	0.81	0.84	32.96	47.32
149	Lemur_catta	Mammals	Supraprimates (Euarchontoglires)	GCF_020740605.2	GCA_004024665.1	2241948078	2280589192	0.86	0.87	296.86	67.59
150	Nycticebus_coucang	Mammals	Supraprimates (Euarchontoglires)	GCF_027406575.1	GCA_963573995.1	2913025487	2554283665	0.77	0.88	23.87	28.08
151	Tupaia_tana	Mammals	Supraprimates (Euarchontoglires)	GCA_026018925.1	GCA_026018925.1	2948106822	2948106822	0.79	0.79	103.87	103.87
152	Tamandua_tetradactyla	Mammals	Xenarthra	GCA_023851605.1	GCA_004025105.1	3187808873	3784292240	0.82	0.67	16.77	24.23
153	Choloepus_didactylus	Mammals	Xenarthra	GCF_015220235.1	GCA_004027855.1	3133668571	3314028441	0.79	0.7	19.18	121.07
154	Dasypus_novemcinctus	Mammals	Xenarthra	GCF_030445035.2	GCA_000208655.4	3598761786	3290233378	0.75	0.81	14.61	12.23
155	Dugong_dugon	Mammals	Afrotheria	GCA_030035585.1	GCA_040182945.1	3158460090	2991467723	0.77	0.8	31.18	21.75
156	Heterohyrax_brucei	Mammals	Afrotheria	GCA_028571685.1	GCA_004026845.1	3487980576	3588617712	0.81	0.79	129.91	61.73
157	Loxodonta_africana	Mammals	Afrotheria	GCF_030014295.1	GCA_000001905.1	3537154513	3115666562	0.72	0.8	13.39	12.77
158	Elephas_maximus_indicus	Mammals	Afrotheria	GCF_024166365.1	GCA_036984225.1	3397907767	3074927550	0.75	0.82	19.85	12.66
159	Phascolarctos_cinereus	Mammals	Marsupials	GCA_003287225.2	GCA_900166895.1	3192507684	3366786339	0.89	0.85	150.2	184.76
160	Macrotis_lagotis	Mammals	Marsupials	GCA_037893015.1	GCA_037893015.1	3642881862	3642881862	0.81	0.81	146.9	146.9
161	Sarcophilus_harrisii	Mammals	Marsupials	GCA_048593225.1	GCA_007988765.1	3228447521	2924378345	0.8	0.91	94.12	79.08
162	Sminthopsis_crassicaudata	Mammals	Marsupials	GCA_048593235.1	GCA_048593235.1	3238533941	3238533941	0.83	0.83	181.55	181.55
163	Dromiciops_gliroides	Mammals	Marsupials	GCF_019393635.1	GCA_024323085.1	3300261601	3206250432	0.86	0.86	167.15	124.1
164	Monodelphis_domestica	Mammals	Marsupials	GCF_027887165.1	GCA_000002295.1	3553414450	3499038814	0.82	0.83	200.97	148.11
165	Ornithorhynchus_anatinus	Mammals	Monotremes	GCF_004115215.2	GCA_000002275.2	1844098757	1828872794	0.82	0.75	49.18	44.87
166	Tachyglossus_aculeatus	Mammals	Monotremes	GCF_015852505.1	GCA_015598185.1	2182161818	1975103956	0.71	0.76	139.94	108.11
167	Podarcis_siculus	Reptiles	Squamata	GCA_964188175.1	GCA_034642415.1	1567827907	1382246561	0.75	0.83	210.5	90.26
168	Podarcis_muralis	Reptiles	Squamata	GCA_964188315.1	GCA_004329235.1	1522445610	1507898006	0.77	0.75	106.77	84.79
169	Zootoca_vivipara	Reptiles	Squamata	GCF_963506605.1	GCA_011800845.1	1440080856	1418566478	0.8	0.8	153.58	138.1
170	Shinisaurus_crocodilurus	Reptiles	Squamata	GCA_021292165.1	GCA_021292165.1	2189837729	2189837729	0.68	0.68	52.66	52.66
171	Tiliqua_scincoides	Reptiles	Squamata	GCA_035046505.1	GCA_047292575.1	1623236252	1655903275	0.8	0.95	76.68	35.62
172	Caretta_caretta	Reptiles	Testudines (Cryptodira)	GCA_965140235.1	GCA_965117115.1	2216649678	2145574978	0.82	0.85	45.62	44.65
173	Chelonia_mydas	Reptiles	Testudines (Cryptodira)	GCF_015237465.2	GCA_000344595.1	2122403208	2102134520	0.86	0.83	28.85	26.88
174	Dermochelys_coriacea	Reptiles	Testudines (Cryptodira)	GCF_009764565.3	GCA_006547105.1	2159146238	2104919821	0.84	0.86	78.65	68.24
175	Carettochelys_insculpta	Reptiles	Testudines (Cryptodira)	GCA_033958435.1	GCA_007922185.1	2180310287	2280768427	0.85	0.76	48.69	15.13
176	Podocnemis_expansa	Reptiles	Testudines (Pleurodira)	GCA_045364815.1	GCA_007922195.1	2565285338	2396938126	0.81	0.86	166.99	14.99
177	Gavialis_gangeticus	Reptiles	Crocodylia	GCA_030020295.1	GCA_001723915.1	2327422208	1935161891	0.85	0.92	27.02	15.34
178	Alligator_mississippiensis	Reptiles	Crocodylia	GCF_030867095.1	GCA_000281125.4	2330331346	2107127716	0.85	0.94	25.97	13.38
179	Eudromia_elegans	Birds	Palaeognathae	GCA_047922985.1	GCA_003342815.1	1109626533	906844668	0.85	0.98	179.43	28.72
180	Dromaius_novaehollandiae	Birds	Palaeognathae	GCF_036370855.1	GCA_003342905.1	1468668310	1137814943	0.78	0.99	83.37	10.19
181	Rhea_pennata	Birds	Palaeognathae	GCF_028389875.1	GCA_003342835.1	1267555861	1121264969	0.9	0.98	51.32	20.81
182	Clangula_hyemalis	Birds	GalloAnserformes	GCA_963989345.1	GCA_029619115.1	1205970943	1075394010	0.88	0.93	84.75	37.41
183	Aythya_fuligula	Birds	GalloAnserformes	GCF_009819795.1	GCA_050125195.1	1117579288	1061346366	0.95	0.94	59.4	21.26
184	Anas_acuta	Birds	GalloAnserformes	GCF_963932015.1	GCA_036026395.1	1189140357	1099558111	0.89	0.96	111.64	40.14
185	Anas_platyrhynchos	Birds	GalloAnserformes	GCA_964188345.1	GCA_030704485.1	1300089575	1038035381	0.82	0.99	95.4	41.06
186	Branta_canadensis	Birds	GalloAnserformes	GCA_965231335.1	GCA_006130075.1	1311758682	1133648114	0.83	0.95	317.55	19.23
187	Anser_cygnoides	Birds	GalloAnserformes	GCF_040182565.1	GCA_002166845.1	1215344334	1098726208	0.89	0.98	262.75	22.26
188	Anser_brachyrhynchus	Birds	GalloAnserformes	GCA_964034855.1	GCA_002592135.1	1287054759	1097234638	0.84	0.98	400.6	18.1
189	Anser_anser	Birds	GalloAnserformes	GCA_964211835.1	GCA_049942455.1	1313216575	1129951486	0.82	0.97	366.57	19.17
190	Cygnus_columbianus	Birds	GalloAnserformes	GCA_965151615.1	GCA_049176835.1	1289515361	1100389732	0.84	0.98	689.4	18.72
191	Gallus_gallus	Birds	GalloAnserformes	GCF_016700215.2	GCA_002798355.1	1045994378	1001225607	0.93	0.96	50.4	18.53
192	Porphyrio_hochstetteri	Birds	Core waterbirds	GCA_020800305.1	GCA_035610435.1	1264963074	1105258122	0.87	0.97	107.34	6.03
193	Balearica_regulorum_gibbericeps	Birds	Core waterbirds	GCA_011004875.1	GCA_000709895.1	1216248275	1120155427	0.95	0.98	11.49	8.13
194	Grus_grus	Birds	Core waterbirds	GCA_964106855.1	GCA_045788445.1	1352123544	1188074529	0.84	0.95	105.24	6.52
195	Grus_americana	Birds	Core waterbirds	GCF_028858705.1	GCA_013390085.1	1252482259	1137897440	0.9	0.97	187.68	5.09
196	Larus_michahellis	Birds	Core waterbirds	GCA_964199755.1	GCA_045784605.1	1405447958	1172253675	0.82	0.96	106.63	6.02
197	Larus_argentatus	Birds	Core waterbirds	GCA_964417175.1	GCA_028571125.1	1417715464	1151167715	0.81	0.98	119.22	4.76
198	Rissa_tridactyla	Birds	Core waterbirds	GCF_028500815.1	GCA_013401015.1	1352804758	1162065165	0.85	0.98	205.55	3.07
199	Alca_Torda	Birds	Core waterbirds	GCA_008658365.1	GCA_013398245.1	1174921793	1148169330	0.96	0.97	14.21	7.25
200	Numenius_arquata	Birds	Core waterbirds	GCA_964106895.1	GCA_046244895.1	1348641213	1156486356	0.83	0.98	55.34	7.01
201	Pluvialis_apricaria	Birds	Core waterbirds	GCA_017639485.1	GCA_045783575.1	1235461525	1206037204	0.95	0.95	16.47	6.06
202	Vanellus_vanellus	Birds	Core waterbirds	GCA_965231255.1	GCA_041043765.1	1476335506	1210084958	0.78	0.98	342.23	6.59
203	Pelecanus_crispus	Birds	Core waterbirds	GCA_030463565.1	GCA_000687375.1	1314488916	1153061900	0.89	0.97	35.85	11.74
204	Phalacrocorax_carbo	Birds	Core waterbirds	GCF_963921805.1	GCA_000708925.1	1283500069	1125321568	0.9	0.98	79.91	8.31
205	Morus_bassanus	Birds	Core waterbirds	GCA_031468815.1	GCA_045787545.1	1294734656	1185527139	0.89	0.96	29.81	4.27
206	Ciconia_maguari	Birds	Core waterbirds	GCA_017639555.1	GCA_013399255.1	1217216075	1181165577	0.96	0.97	8.1	3.79
207	Spheniscus_humboldti	Birds	Core waterbirds	GCA_027474245.1	GCA_023170095.1	1357290987	1215781114	0.87	0.97	123.97	15.85
208	Calonectris_borealis	Birds	Core waterbirds	GCA_964195595.2	GCA_013401115.1	1366073588	1162018390	0.86	0.99	21.69	2.29
209	Gavia_stellata	Birds	Core waterbirds	GCF_030936135.1	GCA_000690875.1	1321177350	1119008513	0.87	0.99	149.77	7.05
210	Rhynochetos_jubatus	Birds	Core waterbirds	GCA_027574665.1	GCA_013398095.1	1330915667	1104451839	0.83	0.97	277.98	13.13
211	Opisthocomus_hoazin	Birds	Core waterbirds	GCA_030867145.1	GCA_000692075.1	1482385808	1138877057	0.78	0.95	318.12	14.61
212	Hemiprocne_comata	Birds	Caprimulgimorphae	GCA_020745705.1	GCA_013396855.1	1154627676	1115491818	0.94	0.95	24.19	8.21
213	Podargus_strigoides	Birds	Caprimulgimorphae	GCA_028020825.1	GCA_013399755.1	1268936941	1125051278	0.84	0.94	391.46	5.17
214	Nyctibius_grandis	Birds	Caprimulgimorphae	GCF_013368605.1	GCA_013399155.1	1250241344	1142828680	0.9	0.96	13.17	9.53
215	Caprimulgus_europaeus	Birds	Caprimulgimorphae	GCA_907165065.1	GCA_045788555.1	1177757157	1165850728	0.94	0.89	24	12.65
216	Columba_livia	Birds	Columbea	GCF_036013475.1	GCA_000337935.2	1325485586	1084068937	0.81	0.96	523.63	20.52
217	Caloenas_nicobarica	Birds	Columbea	GCF_036013445.1	GCA_013398195.1	1285515962	1017411443	0.84	0.98	570.13	8.92
218	Pterocles_gutturalis	Birds	Columbea	GCA_009769525.1	GCA_000699245.1	1123109270	1062503937	0.95	0.98	11.18	9.98
219	Phoenicopterus_ruber	Birds	Columbea	GCA_009819775.1	GCA_000687265.1	1237613716	1123685453	0.94	0.98	6.35	3.43
220	Tauraco_erythrolophus	Birds	Otidimorphae	GCA_009769465.1	GCA_000709365.1	1225856338	1144694501	0.93	0.96	10.84	9.89
221	Chlamydotis_macqueenii	Birds	Otidimorphae	GCA_036417535.1	GCA_011800025.1	1273900449	1139437187	0.87	0.95	74.71	17.11
222	Cuculus_canorus	Birds	Otidimorphae	GCF_017976375.1	GCA_000709325.1	1175200880	1124263599	0.94	0.94	21.19	9.75
223	Buteo_buteo	Birds	Core landbirds	GCA_964188355.1	GCA_025504755.1	1303576271	1183524266	0.89	0.98	61.1	4.82
224	Haliaeetus_albicilla	Birds	Core landbirds	GCF_947461875.1	GCA_013398555.1	1320212734	1196687898	0.88	0.95	109.14	16.18
225	Astur_gentilis	Birds	Core landbirds	GCF_929443795.1	GCA_012487025.1	1397955687	1173956075	0.84	0.98	152.53	13.16
226	Sarcoramphus_papa	Birds	Core landbirds	GCA_037962945.1	GCA_027580115.1	1543911590	1176140812	0.76	0.99	557.61	4.88
227	Strix_aluco	Birds	Core landbirds	GCA_031877795.1	GCA_045787325.1	1410475270	1177787971	0.83	0.96	388.46	5.87
228	Athene_noctua	Birds	Core landbirds	GCA_965140245.1	GCA_045787465.1	1355722691	1197965905	0.85	0.95	245.11	7.76
229	Leptosomus_discolor	Birds	Core landbirds	GCA_034619465.1	GCA_000691785.1	1331976988	1129741026	0.86	0.98	151.4	4.64
230	Bucorvus_abyssinicus	Birds	Core landbirds	GCA_009769605.1	GCA_013398885.1	1124513539	1097045312	0.96	0.98	19.8	4.1
231	Merops_nubicus	Birds	Core landbirds	GCA_009819595.1	GCA_000691845.1	1143289800	1055384676	0.93	0.98	12.51	12.51
232	Dryobates_pubescens	Birds	Core landbirds	GCF_014839835.1	GCA_000699005.1	1183925554	1120088247	0.85	0.87	102.17	58.83
233	Colius_striatus	Birds	Core landbirds	GCF_028858725.1	GCA_000690715.1	1206623881	1068731039	0.88	0.97	36.33	8.56
234	Cariama_cristata	Birds	Core landbirds	GCA_009819825.1	GCA_000690535.1	1210303254	1124564643	0.96	0.99	6.32	4.55
235	Falco_cherrug	Birds	Core landbirds	GCF_023634085.1	GCA_000337975.1	1305407138	1148716829	0.88	0.98	228.13	6.77
236	Falco_biarmicus	Birds	Core landbirds	GCF_023638135.1	GCA_024433245.1	1283322825	1157332725	0.9	0.98	156.55	2.17
237	Falco_peregrinus	Birds	Core landbirds	GCF_023634155.1	GCA_001887755.1	1304624774	1097178125	0.88	0.98	207.72	5.7
238	Agelaius_phoeniceus	Birds	Core landbirds	GCF_020745825.1	GCA_013398535.1	1188480099	1057535233	0.86	0.95	44.43	9.59
239	Zonotrichia_albicollis	Birds	Core landbirds	GCA_047830755.1	GCA_000385455.1	1278882695	1004869170	0.81	0.97	81.67	12.35
240	Haemorhous_mexicanus	Birds	Core landbirds	GCF_027477595.1	GCA_046619145.1	1137011472	1172161483	0.89	0.85	56.84	40.84
241	Passer_domesticus	Birds	Core landbirds	GCF_036417665.1	GCA_001700915.1	1310074482	998217438	0.78	0.98	169.44	8.77
242	Lonchura_striata_domestica	Birds	Core landbirds	GCA_046129695.1	GCA_005870125.1	1207509632	1027813272	0.82	0.96	128.32	43.4
243	Erithacus_rubecula	Birds	Core landbirds	GCA_903797595.2	GCA_013398395.1	1086387504	963661394	0.91	0.99	50.12	65.58
244	Oenanthe_melanoleuca	Birds	Core landbirds	GCF_029582105.1	GCA_029582105.1	1036163525	1036180291	0.94	0.94	49.8	49.8
245	Cinclus_cinclus	Birds	Core landbirds	GCF_963662255.1	GCA_045783075.1	1170677377	1022021096	0.85	0.97	91.34	17.91
246	Sylvia_borin	Birds	Core landbirds	GCA_014839755.1	GCA_013400015.1	1043807432	1018195752	0.97	0.97	39.84	15.34
247	Sylvia_atricapilla	Birds	Core landbirds	GCF_009819655.1	GCA_013398435.1	1054861080	983108020	0.95	0.98	46.03	71.15
248	Hirundo_rustica	Birds	Core landbirds	GCF_015227805.1	GCA_013399815.1	1080369569	1037121138	0.93	0.97	44	22.23
249	Poecile_atricapillus	Birds	Core landbirds	GCF_030490865.1	GCA_013398625.1	1250153363	1015149311	0.78	0.98	67.78	12.76
250	Lycocorax_pyrrhopterus	Birds	Core landbirds	GCA_014706295.1	GCA_014706395.1	1101913043	1050800072	0.93	0.97	18.43	4.93
251	Corvus_moneduloides	Birds	Core landbirds	GCF_009650955.1	GCA_013398675.1	1083852079	1043580454	0.95	0.97	25.62	17.22
252	Willisornis_vidua	Birds	Core landbirds	GCA_045364795.1	GCA_029286905.1	1233183087	1030906730	0.85	0.97	122.68	8.29
253	Acanthisitta_chloris	Birds	Core landbirds	GCA_016904835.1	GCA_000695815.1	1073159673	1027489036	0.95	0.97	18.69	14.98
254	Melopsittacus_undulatus	Birds	Core landbirds	GCF_012275295.1	GCA_000238935.1	1168346882	1084380125	0.89	0.94	32.27	11.69
255	Amazona_ochrocephala	Birds	Core landbirds	GCA_039720435.1	GCA_032360005.1	1361823828	565880956	0.78	0.56	316.74	10.09
256	Ara_ararauna	Birds	Core landbirds	GCA_028858755.1	GCA_010014805.2	1223361479	1119467531	0.86	0.96	63.47	18.11
257	Guaruba_guaruba	Birds	Core landbirds	GCA_045345405.1	GCA_011800095.2	1366080856	1142243337	0.78	0.95	190.59	16.64
